<ImportExportXml version="9.2.24012.190" SolutionPackageVersion="9.2" languagecode="1046" generatedBy="CrmLive" xmlns:xsi="http://www.w3.org/2001/XMLSchema-instance">
  <SolutionManifest>
    <UniqueName>Treinamento</UniqueName>
    <LocalizedNames>
      <LocalizedName description="Treinamento Bootcamp Dio" languagecode="1046" />
    </LocalizedNames>
    <Descriptions>
      <Description description="Teste para o Bootcamp da DIO" languagecode="1046" />
    </Descriptions>
    <Version>1.0.1</Version>
    <Managed>0</Managed>
    <Publisher>
      <UniqueName>bootcampdio</UniqueName>
      <LocalizedNames>
        <LocalizedName description="Bootcamp Dio" languagecode="1046" />
      </LocalizedNames>
      <Descriptions>
        <Description description="Publicador Teste" languagecode="1046" />
      </Descriptions>
      <EMailAddress xsi:nil="true"></EMailAddress>
      <SupportingWebsiteUrl xsi:nil="true"></SupportingWebsiteUrl>
      <CustomizationPrefix>bootcam</CustomizationPrefix>
      <CustomizationOptionValuePrefix>20641</CustomizationOptionValuePrefix>
      <Addresses>
        <Address>
          <AddressNumber>1</AddressNumber>
          <AddressTypeCode>1</AddressTypeCode>
          <City xsi:nil="true"></City>
          <County xsi:nil="true"></County>
          <Country xsi:nil="true"></Country>
          <Fax xsi:nil="true"></Fax>
          <FreightTermsCode xsi:nil="true"></FreightTermsCode>
          <ImportSequenceNumber xsi:nil="true"></ImportSequenceNumber>
          <Latitude xsi:nil="true"></Latitude>
          <Line1 xsi:nil="true"></Line1>
          <Line2 xsi:nil="true"></Line2>
          <Line3 xsi:nil="true"></Line3>
          <Longitude xsi:nil="true"></Longitude>
          <Name xsi:nil="true"></Name>
          <PostalCode xsi:nil="true"></PostalCode>
          <PostOfficeBox xsi:nil="true"></PostOfficeBox>
          <PrimaryContactName xsi:nil="true"></PrimaryContactName>
          <ShippingMethodCode>1</ShippingMethodCode>
          <StateOrProvince xsi:nil="true"></StateOrProvince>
          <Telephone1 xsi:nil="true"></Telephone1>
          <Telephone2 xsi:nil="true"></Telephone2>
          <Telephone3 xsi:nil="true"></Telephone3>
          <TimeZoneRuleVersionNumber xsi:nil="true"></TimeZoneRuleVersionNumber>
          <UPSZone xsi:nil="true"></UPSZone>
          <UTCOffset xsi:nil="true"></UTCOffset>
          <UTCConversionTimeZoneCode xsi:nil="true"></UTCConversionTimeZoneCode>
        </Address>
        <Address>
          <AddressNumber>2</AddressNumber>
          <AddressTypeCode>1</AddressTypeCode>
          <City xsi:nil="true"></City>
          <County xsi:nil="true"></County>
          <Country xsi:nil="true"></Country>
          <Fax xsi:nil="true"></Fax>
          <FreightTermsCode xsi:nil="true"></FreightTermsCode>
          <ImportSequenceNumber xsi:nil="true"></ImportSequenceNumber>
          <Latitude xsi:nil="true"></Latitude>
          <Line1 xsi:nil="true"></Line1>
          <Line2 xsi:nil="true"></Line2>
          <Line3 xsi:nil="true"></Line3>
          <Longitude xsi:nil="true"></Longitude>
          <Name xsi:nil="true"></Name>
          <PostalCode xsi:nil="true"></PostalCode>
          <PostOfficeBox xsi:nil="true"></PostOfficeBox>
          <PrimaryContactName xsi:nil="true"></PrimaryContactName>
          <ShippingMethodCode>1</ShippingMethodCode>
          <StateOrProvince xsi:nil="true"></StateOrProvince>
          <Telephone1 xsi:nil="true"></Telephone1>
          <Telephone2 xsi:nil="true"></Telephone2>
          <Telephone3 xsi:nil="true"></Telephone3>
          <TimeZoneRuleVersionNumber xsi:nil="true"></TimeZoneRuleVersionNumber>
          <UPSZone xsi:nil="true"></UPSZone>
          <UTCOffset xsi:nil="true"></UTCOffset>
          <UTCConversionTimeZoneCode xsi:nil="true"></UTCConversionTimeZoneCode>
        </Address>
      </Addresses>
    </Publisher>
    <RootComponents>
      <RootComponent type="1" schemaName="bootcam_aluno" behavior="0" />
      <RootComponent type="1" schemaName="bootcam_alunoxcursos" behavior="0" />
      <RootComponent type="1" schemaName="bootcam_curso" behavior="0" />
      <RootComponent type="1" schemaName="bootcam_cursoxinstrutores" behavior="0" />
      <RootComponent type="1" schemaName="bootcam_instrutores" behavior="0" />
      <RootComponent type="29" id="{cb66990c-26b8-ee11-9079-000d3ac049c8}" behavior="0" />
      <RootComponent type="29" id="{dc014634-28b8-ee11-9079-000d3ac049c8}" behavior="0" />
      <RootComponent type="80" schemaName="new_Treinamento" behavior="0" />
      <RootComponent type="300" schemaName="bootcam_aplicativoinstrutoreshabilitados_5685d" behavior="0" />
    </RootComponents>
    <MissingDependencies>
      <MissingDependency>
        <Required type="61" schemaName="msdyn_/Images/AppModule_Default_Icon.png" displayName="msdyn_/Images/AppModule_Default_Icon.png" solution="AppModuleWebResources (2.5)" />
        <Dependent type="80" schemaName="new_Treinamento" displayName="Treinamento" />
      </MissingDependency>
      <MissingDependency>
        <Required type="62" schemaName="new_Treinamento" solution="Active" />
        <Dependent type="80" schemaName="new_Treinamento" displayName="Treinamento" />
      </MissingDependency>
      <MissingDependency>
        <Required type="66" schemaName="MscrmControls.Canvas.CanvasControl" displayName="MscrmControls.Canvas.CanvasControl" solution="BaseCustomControlsCore (9.0.2401.2002)" />
        <Dependent type="60" displayName="Novo Formulário" parentDisplayName="Cursos" id="{18b340e2-ecc6-4ec3-955b-523599731ae6}" />
      </MissingDependency>
      <MissingDependency>
        <Required type="connectionreference" displayName="bootcam_sharedoutlook_90f70" solution="Active" id.connectionreferencelogicalname="bootcam_sharedoutlook_90f70" />
        <Dependent type="29" displayName="PowerApps-&gt; Enviar um Email(V2)" id="{cb66990c-26b8-ee11-9079-000d3ac049c8}" />
      </MissingDependency>
      <MissingDependency>
        <Required type="connectionreference" displayName="bootcam_sharedoutlook_90f70" solution="Active" id.connectionreferencelogicalname="bootcam_sharedoutlook_90f70" />
        <Dependent type="29" displayName="EnviarEmail" id="{dc014634-28b8-ee11-9079-000d3ac049c8}" />
      </MissingDependency>
      <MissingDependency>
        <Required type="SettingDefinition" displayName="AppChannel" solution="msdyn_AppFrameworkInfraExtensions (1.0.0.6)" id.uniquename="AppChannel" />
        <Dependent type="AppSetting" displayName="parentappmoduleid.uniquename=new_Treinamento,settingdefinitionid.uniquename=AppChannel" id.parentappmoduleid.uniquename="new_Treinamento" id.settingdefinitionid.uniquename="AppChannel" />
      </MissingDependency>
    </MissingDependencies>
  </SolutionManifest>
</ImportExportXml>