{
  "properties": {
    "connectionReferences": {
      "shared_outlook": {
        "runtimeSource": "invoker",
        "connection": {
          "connectionReferenceLogicalName": "bootcam_sharedoutlook_90f70"
        },
        "api": {
          "name": "shared_outlook"
        }
      }
    },
    "definition": {
      "$schema": "https://schema.management.azure.com/providers/Microsoft.Logic/schemas/2016-06-01/workflowdefinition.json#",
      "contentVersion": "1.0.0.0",
      "parameters": {
        "$connections": {
          "defaultValue": {},
          "type": "Object"
        },
        "$authentication": {
          "defaultValue": {},
          "type": "SecureObject"
        }
      },
      "triggers": {
        "manual": {
          "metadata": {
            "operationMetadataId": "c8b9fa1c-4e75-4c68-a939-c9fa2d39b204"
          },
          "type": "Request",
          "kind": "PowerApp",
          "inputs": {
            "schema": {
              "type": "object",
              "properties": {
                "Enviarumemail(V2)_Para": {
                  "type": "string",
                  "format": "email",
                  "description": "Especificar endereços de email separados por ponto e vírgula, como nome@contoso.com",
                  "x-ms-powerflows-param-ispartial": false
                },
                "Enviarumemail(V2)_Corpo": {
                  "type": "string",
                  "format": "html",
                  "description": "Especifique o corpo do email. Este parâmetro é usado como parte de \"DFBB4B0E-C132-401B-A0B3-DC898BAB6E3D\"",
                  "x-ms-powerflows-param-ispartial": true
                }
              },
              "required": [
                "Enviarumemail(V2)_Para",
                "Enviarumemail(V2)_Corpo"
              ]
            }
          }
        }
      },
      "actions": {
        "Enviar_um_email_(V2)": {
          "runAfter": {},
          "metadata": {
            "operationMetadataId": "63e92e4a-db97-4086-8203-22f71eb8ee99"
          },
          "type": "OpenApiConnection",
          "inputs": {
            "host": {
              "connectionName": "shared_outlook",
              "operationId": "SendEmailV2",
              "apiId": "/providers/Microsoft.PowerApps/apis/shared_outlook"
            },
            "parameters": {
              "emailMessage/To": "@triggerBody()['Enviarumemail(V2)_Para']",
              "emailMessage/Subject": "Novo Curso Habilitado",
              "emailMessage/Body": "<p>Olá, o Curso@{triggerBody()['Enviarumemail(V2)_Corpo']} foi habilitado para ser um instrutor.<br>\nBoa Sorte!<br>\nBom Trabalho</p>",
              "emailMessage/Importance": "Normal"
            },
            "authentication": {
              "type": "Raw",
              "value": "@json(decodeBase64(triggerOutputs().headers['X-MS-APIM-Tokens']))['$ConnectionKey']"
            }
          }
        }
      },
      "outputs": {}
    },
    "templateName": "a3845c20ff3c11e6973cebb680b3c6fa"
  },
  "schemaVersion": "1.0.0.0"
}